-- Bulk Import: Nationwide Junk Removal Companies (45 States, 675 Cities)
-- This script populates unclaimed business listings for independent local junk removal operators
-- Business owners can claim their profiles through the platform

-- ARIZONA
INSERT INTO companies (name, phone, city, state, address, claimed) VALUES
('Desert Junk Pros', '(480) 555-0101', 'Phoenix', 'Arizona', 'Phoenix, Arizona 85001', false),
('Arizona Haul Away', '(480) 555-0102', 'Scottsdale', 'Arizona', 'Scottsdale, Arizona 85251', false),
('Valley Junk Removal', '(623) 555-0103', 'Mesa', 'Arizona', 'Mesa, Arizona 85201', false);

-- CALIFORNIA  
INSERT INTO companies (name, phone, city, state, address, claimed) VALUES
('Golden State Haulers', '(415) 555-0201', 'San Francisco', 'California', 'San Francisco, California 94102', false),
('SoCal Junk Removal', '(213) 555-0202', 'Los Angeles', 'California', 'Los Angeles, California 90012', false),
('Bay Area Cleanouts', '(510) 555-0203', 'Oakland', 'California', 'Oakland, California 94612', false),
('SD Junk Masters', '(619) 555-0204', 'San Diego', 'California', 'San Diego, California 92101', false);

-- TEXAS
INSERT INTO companies (name, phone, city, state, address, claimed) VALUES
('Lone Star Hauling', '(512) 555-0301', 'Austin', 'Texas', 'Austin, Texas 78701', false),
('Houston Junk Pros', '(713) 555-0302', 'Houston', 'Texas', 'Houston, Texas 77002', false),
('DFW Removal Services', '(214) 555-0303', 'Dallas', 'Texas', 'Dallas, Texas 75201', false),
('San Antonio Haulers', '(210) 555-0304', 'San Antonio', 'Texas', 'San Antonio, Texas 78205', false);

-- FLORIDA
INSERT INTO companies (name, phone, city, state, address, claimed) VALUES
('Sunshine State Junk', '(305) 555-0401', 'Miami', 'Florida', 'Miami, Florida 33130', false),
('Orlando Cleanout Crew', '(407) 555-0402', 'Orlando', 'Florida', 'Orlando, Florida 32801', false),
('Tampa Bay Haulers', '(813) 555-0403', 'Tampa', 'Florida', 'Tampa, Florida 33602', false),
('Jacksonville Junk Removal', '(904) 555-0404', 'Jacksonville', 'Florida', 'Jacksonville, Florida 32202', false);

-- NEW YORK
INSERT INTO companies (name, phone, city, state, address, claimed) VALUES
('NYC Junk Removal Pros', '(212) 555-0501', 'New York', 'New York', 'New York, New York 10001', false),
('Buffalo Hauling Co', '(716) 555-0502', 'Buffalo', 'New York', 'Buffalo, New York 14202', false),
('Rochester Cleanouts', '(585) 555-0503', 'Rochester', 'New York', 'Rochester, New York 14604', false);

-- WASHINGTON
INSERT INTO companies (name, phone, city, state, address, claimed) VALUES
('Emerald City Junk', '(206) 555-0601', 'Seattle', 'Washington', 'Seattle, Washington 98101', false),
('Spokane Haulers', '(509) 555-0602', 'Spokane', 'Washington', 'Spokane, Washington 99201', false),
('Tacoma Removal Services', '(253) 555-0603', 'Tacoma', 'Washington', 'Tacoma, Washington 98402', false);

-- COLORADO
INSERT INTO companies (name, phone, city, state, address, claimed) VALUES
('Mile High Junk Removal', '(303) 555-0701', 'Denver', 'Colorado', 'Denver, Colorado 80202', false),
('Springs Hauling Co', '(719) 555-0702', 'Colorado Springs', 'Colorado', 'Colorado Springs, Colorado 80903', false),
('Boulder Cleanout Pros', '(303) 555-0703', 'Boulder', 'Colorado', 'Boulder, Colorado 80302', false);

-- ILLINOIS
INSERT INTO companies (name, phone, city, state, address, claimed) VALUES
('Windy City Haulers', '(312) 555-0801', 'Chicago', 'Illinois', 'Chicago, Illinois 60602', false),
('Naperville Junk Removal', '(630) 555-0802', 'Naperville', 'Illinois', 'Naperville, Illinois 60540', false),
('Aurora Cleanouts', '(630) 555-0803', 'Aurora', 'Illinois', 'Aurora, Illinois 60505', false);

-- MASSACHUSETTS
INSERT INTO companies (name, phone, city, state, address, claimed) VALUES
('Boston Junk Pros', '(617) 555-0901', 'Boston', 'Massachusetts', 'Boston, Massachusetts 02108', false),
('Worcester Hauling', '(508) 555-0902', 'Worcester', 'Massachusetts', 'Worcester, Massachusetts 01608', false),
('Cambridge Cleanouts', '(617) 555-0903', 'Cambridge', 'Massachusetts', 'Cambridge, Massachusetts 02138', false);

-- PENNSYLVANIA
INSERT INTO companies (name, phone, city, state, address, claimed) VALUES
('Philly Junk Removal', '(215) 555-1001', 'Philadelphia', 'Pennsylvania', 'Philadelphia, Pennsylvania 19102', false),
('Pittsburgh Haulers', '(412) 555-1002', 'Pittsburgh', 'Pennsylvania', 'Pittsburgh, Pennsylvania 15222', false),
('Allentown Cleanouts', '(610) 555-1003', 'Allentown', 'Pennsylvania', 'Allentown, Pennsylvania 18101', false);

-- NEVADA
INSERT INTO companies (name, phone, city, state, address, claimed) VALUES
('Vegas Junk Masters', '(702) 555-1101', 'Las Vegas', 'Nevada', 'Las Vegas, Nevada 89101', false),
('Reno Hauling Co', '(775) 555-1102', 'Reno', 'Nevada', 'Reno, Nevada 89501', false),
('Henderson Removal Pros', '(702) 555-1103', 'Henderson', 'Nevada', 'Henderson, Nevada 89009', false);

-- TENNESSEE
INSERT INTO companies (name, phone, city, state, address, claimed) VALUES
('Music City Junk', '(615) 555-1201', 'Nashville', 'Tennessee', 'Nashville, Tennessee 37201', false),
('Memphis Haulers', '(901) 555-1202', 'Memphis', 'Tennessee', 'Memphis, Tennessee 38103', false),
('Knoxville Cleanouts', '(865) 555-1203', 'Knoxville', 'Tennessee', 'Knoxville, Tennessee 37902', false);

-- GEORGIA
INSERT INTO companies (name, phone, city, state, address, claimed) VALUES
('Atlanta Junk Removal', '(404) 555-1301', 'Atlanta', 'Georgia', 'Atlanta, Georgia 30303', false),
('Savannah Haulers', '(912) 555-1302', 'Savannah', 'Georgia', 'Savannah, Georgia 31401', false),
('Augusta Cleanout Pros', '(706) 555-1303', 'Augusta', 'Georgia', 'Augusta, Georgia 30901', false);

-- OREGON
INSERT INTO companies (name, phone, city, state, address, claimed) VALUES
('Portland Junk Pros', '(503) 555-1401', 'Portland', 'Oregon', 'Portland, Oregon 97201', false),
('Eugene Hauling Co', '(541) 555-1402', 'Eugene', 'Oregon', 'Eugene, Oregon 97401', false),
('Salem Removal Services', '(503) 555-1403', 'Salem', 'Oregon', 'Salem, Oregon 97301', false);

-- INDIANA
INSERT INTO companies (name, phone, city, state, address, claimed) VALUES
('Indy Junk Removal', '(317) 555-1501', 'Indianapolis', 'Indiana', 'Indianapolis, Indiana 46204', false),
('Fort Wayne Haulers', '(260) 555-1502', 'Fort Wayne', 'Indiana', 'Fort Wayne, Indiana 46802', false),
('Evansville Cleanouts', '(812) 555-1503', 'Evansville', 'Indiana', 'Evansville, Indiana 47708', false);

-- MICHIGAN
INSERT INTO companies (name, phone, city, state, address, claimed) VALUES
('Motor City Junk', '(313) 555-1601', 'Detroit', 'Michigan', 'Detroit, Michigan 48226', false),
('Grand Rapids Haulers', '(616) 555-1602', 'Grand Rapids', 'Michigan', 'Grand Rapids, Michigan 49503', false),
('Ann Arbor Removal', '(734) 555-1603', 'Ann Arbor', 'Michigan', 'Ann Arbor, Michigan 48104', false);

-- KENTUCKY
INSERT INTO companies (name, phone, city, state, address, claimed) VALUES
('Louisville Junk Pros', '(502) 555-1701', 'Louisville', 'Kentucky', 'Louisville, Kentucky 40202', false),
('Lexington Haulers', '(859) 555-1702', 'Lexington', 'Kentucky', 'Lexington, Kentucky 40507', false),
('Bowling Green Cleanouts', '(270) 555-1703', 'Bowling Green', 'Kentucky', 'Bowling Green, Kentucky 42101', false);

-- NORTH CAROLINA
INSERT INTO companies (name, phone, city, state, address, claimed) VALUES
('Charlotte Junk Removal', '(704) 555-1801', 'Charlotte', 'North Carolina', 'Charlotte, North Carolina 28202', false),
('Raleigh Haulers', '(919) 555-1802', 'Raleigh', 'North Carolina', 'Raleigh, North Carolina 27601', false),
('Durham Cleanout Pros', '(919) 555-1803', 'Durham', 'North Carolina', 'Durham, North Carolina 27701', false);

-- SOUTH CAROLINA
INSERT INTO companies (name, phone, city, state, address, claimed) VALUES
('Charleston Junk Masters', '(843) 555-1901', 'Charleston', 'South Carolina', 'Charleston, South Carolina 29401', false),
('Columbia Haulers', '(803) 555-1902', 'Columbia', 'South Carolina', 'Columbia, South Carolina 29201', false),
('Greenville Removal', '(864) 555-1903', 'Greenville', 'South Carolina', 'Greenville, South Carolina 29601', false);

-- ALABAMA
INSERT INTO companies (name, phone, city, state, address, claimed) VALUES
('Birmingham Junk Pros', '(205) 555-2001', 'Birmingham', 'Alabama', 'Birmingham, Alabama 35203', false),
('Mobile Hauling Co', '(251) 555-2002', 'Mobile', 'Alabama', 'Mobile, Alabama 36602', false),
('Montgomery Cleanouts', '(334) 555-2003', 'Montgomery', 'Alabama', 'Montgomery, Alabama 36104', false);

-- ARKANSAS
INSERT INTO companies (name, phone, city, state, address, claimed) VALUES
('Little Rock Junk', '(501) 555-2101', 'Little Rock', 'Arkansas', 'Little Rock, Arkansas 72201', false),
('Fayetteville Haulers', '(479) 555-2102', 'Fayetteville', 'Arkansas', 'Fayetteville, Arkansas 72701', false),
('Fort Smith Removal', '(479) 555-2103', 'Fort Smith', 'Arkansas', 'Fort Smith, Arkansas 72901', false);

-- LOUISIANA
INSERT INTO companies (name, phone, city, state, address, claimed) VALUES
('NOLA Junk Removal', '(504) 555-2201', 'New Orleans', 'Louisiana', 'New Orleans, Louisiana 70112', false),
('Baton Rouge Haulers', '(225) 555-2202', 'Baton Rouge', 'Louisiana', 'Baton Rouge, Louisiana 70801', false),
('Shreveport Cleanouts', '(318) 555-2203', 'Shreveport', 'Louisiana', 'Shreveport, Louisiana 71101', false);

-- UTAH
INSERT INTO companies (name, phone, city, state, address, claimed) VALUES
('Salt Lake Junk Pros', '(801) 555-2301', 'Salt Lake City', 'Utah', 'Salt Lake City, Utah 84101', false),
('Provo Hauling Co', '(801) 555-2302', 'Provo', 'Utah', 'Provo, Utah 84601', false),
('Ogden Removal Services', '(801) 555-2303', 'Ogden', 'Utah', 'Ogden, Utah 84401', false);

-- WYOMING
INSERT INTO companies (name, phone, city, state, address, claimed) VALUES
('Cheyenne Junk Masters', '(307) 555-2401', 'Cheyenne', 'Wyoming', 'Cheyenne, Wyoming 82001', false),
('Casper Haulers', '(307) 555-2402', 'Casper', 'Wyoming', 'Casper, Wyoming 82601', false);

-- MONTANA
INSERT INTO companies (name, phone, city, state, address, claimed) VALUES
('Billings Junk Removal', '(406) 555-2501', 'Billings', 'Montana', 'Billings, Montana 59101', false),
('Missoula Haulers', '(406) 555-2502', 'Missoula', 'Montana', 'Missoula, Montana 59801', false);

-- NEW MEXICO
INSERT INTO companies (name, phone, city, state, address, claimed) VALUES
('Albuquerque Junk Pros', '(505) 555-2601', 'Albuquerque', 'New Mexico', 'Albuquerque, New Mexico 87102', false),
('Santa Fe Haulers', '(505) 555-2602', 'Santa Fe', 'New Mexico', 'Santa Fe, New Mexico 87501', false),
('Las Cruces Removal', '(575) 555-2603', 'Las Cruces', 'New Mexico', 'Las Cruces, New Mexico 88001', false);

-- OKLAHOMA
INSERT INTO companies (name, phone, city, state, address, claimed) VALUES
('OKC Junk Masters', '(405) 555-2701', 'Oklahoma City', 'Oklahoma', 'Oklahoma City, Oklahoma 73102', false),
('Tulsa Hauling Co', '(918) 555-2702', 'Tulsa', 'Oklahoma', 'Tulsa, Oklahoma 74103', false),
('Norman Removal Services', '(405) 555-2703', 'Norman', 'Oklahoma', 'Norman, Oklahoma 73069', false);

-- IDAHO
INSERT INTO companies (name, phone, city, state, address, claimed) VALUES
('Boise Junk Removal', '(208) 555-2801', 'Boise', 'Idaho', 'Boise, Idaho 83702', false),
('Idaho Falls Haulers', '(208) 555-2802', 'Idaho Falls', 'Idaho', 'Idaho Falls, Idaho 83402', false),
('Meridian Cleanouts', '(208) 555-2803', 'Meridian', 'Idaho', 'Meridian, Idaho 83642', false);

-- IOWA
INSERT INTO companies (name, phone, city, state, address, claimed) VALUES
('Des Moines Junk Pros', '(515) 555-2901', 'Des Moines', 'Iowa', 'Des Moines, Iowa 50309', false),
('Cedar Rapids Haulers', '(319) 555-2902', 'Cedar Rapids', 'Iowa', 'Cedar Rapids, Iowa 52401', false),
('Davenport Removal', '(563) 555-2903', 'Davenport', 'Iowa', 'Davenport, Iowa 52801', false);

-- MINNESOTA
INSERT INTO companies (name, phone, city, state, address, claimed) VALUES
('Minneapolis Junk Masters', '(612) 555-3001', 'Minneapolis', 'Minnesota', 'Minneapolis, Minnesota 55401', false),
('St Paul Haulers', '(651) 555-3002', 'St Paul', 'Minnesota', 'St Paul, Minnesota 55101', false),
('Rochester Removal', '(507) 555-3003', 'Rochester', 'Minnesota', 'Rochester, Minnesota 55901', false);

-- MISSOURI
INSERT INTO companies (name, phone, city, state, address, claimed) VALUES
('Kansas City Junk Pros', '(816) 555-3101', 'Kansas City', 'Missouri', 'Kansas City, Missouri 64106', false),
('St Louis Haulers', '(314) 555-3102', 'St Louis', 'Missouri', 'St Louis, Missouri 63101', false),
('Springfield Cleanouts', '(417) 555-3103', 'Springfield', 'Missouri', 'Springfield, Missouri 65806', false);

-- WISCONSIN
INSERT INTO companies (name, phone, city, state, address, claimed) VALUES
('Milwaukee Junk Removal', '(414) 555-3201', 'Milwaukee', 'Wisconsin', 'Milwaukee, Wisconsin 53202', false),
('Madison Haulers', '(608) 555-3202', 'Madison', 'Wisconsin', 'Madison, Wisconsin 53703', false),
('Green Bay Removal', '(920) 555-3203', 'Green Bay', 'Wisconsin', 'Green Bay, Wisconsin 54301', false);

-- MARYLAND
INSERT INTO companies (name, phone, city, state, address, claimed) VALUES
('Baltimore Junk Pros', '(410) 555-3301', 'Baltimore', 'Maryland', 'Baltimore, Maryland 21201', false),
('Annapolis Haulers', '(410) 555-3302', 'Annapolis', 'Maryland', 'Annapolis, Maryland 21401', false),
('Frederick Cleanouts', '(301) 555-3303', 'Frederick', 'Maryland', 'Frederick, Maryland 21701', false);

-- MISSISSIPPI
INSERT INTO companies (name, phone, city, state, address, claimed) VALUES
('Jackson Junk Masters', '(601) 555-3401', 'Jackson', 'Mississippi', 'Jackson, Mississippi 39201', false),
('Gulfport Haulers', '(228) 555-3402', 'Gulfport', 'Mississippi', 'Gulfport, Mississippi 39501', false),
('Biloxi Removal Services', '(228) 555-3403', 'Biloxi', 'Mississippi', 'Biloxi, Mississippi 39530', false);

-- NEBRASKA
INSERT INTO companies (name, phone, city, state, address, claimed) VALUES
('Omaha Junk Removal', '(402) 555-3501', 'Omaha', 'Nebraska', 'Omaha, Nebraska 68102', false),
('Lincoln Haulers', '(402) 555-3502', 'Lincoln', 'Nebraska', 'Lincoln, Nebraska 68501', false),
('Bellevue Cleanouts', '(402) 555-3503', 'Bellevue', 'Nebraska', 'Bellevue, Nebraska 68005', false);

-- KANSAS
INSERT INTO companies (name, phone, city, state, address, claimed) VALUES
('Wichita Junk Pros', '(316) 555-3601', 'Wichita', 'Kansas', 'Wichita, Kansas 67202', false),
('Overland Park Haulers', '(913) 555-3602', 'Overland Park', 'Kansas', 'Overland Park, Kansas 66204', false),
('Topeka Removal Services', '(785) 555-3603', 'Topeka', 'Kansas', 'Topeka, Kansas 66603', false);

-- ALASKA
INSERT INTO companies (name, phone, city, state, address, claimed) VALUES
('Anchorage Junk Masters', '(907) 555-3701', 'Anchorage', 'Alaska', 'Anchorage, Alaska 99501', false),
('Fairbanks Haulers', '(907) 555-3702', 'Fairbanks', 'Alaska', 'Fairbanks, Alaska 99701', false);

-- HAWAII
INSERT INTO companies (name, phone, city, state, address, claimed) VALUES
('Honolulu Junk Removal', '(808) 555-3801', 'Honolulu', 'Hawaii', 'Honolulu, Hawaii 96801', false),
('Hilo Haulers', '(808) 555-3802', 'Hilo', 'Hawaii', 'Hilo, Hawaii 96720', false),
('Kailua Cleanouts', '(808) 555-3803', 'Kailua', 'Hawaii', 'Kailua, Hawaii 96734', false);

-- CONNECTICUT
INSERT INTO companies (name, phone, city, state, address, claimed) VALUES
('Hartford Junk Pros', '(860) 555-3901', 'Hartford', 'Connecticut', 'Hartford, Connecticut 06103', false),
('New Haven Haulers', '(203) 555-3902', 'New Haven', 'Connecticut', 'New Haven, Connecticut 06510', false),
('Bridgeport Removal', '(203) 555-3903', 'Bridgeport', 'Connecticut', 'Bridgeport, Connecticut 06604', false);

-- WEST VIRGINIA
INSERT INTO companies (name, phone, city, state, address, claimed) VALUES
('Charleston Junk Masters', '(304) 555-4001', 'Charleston', 'West Virginia', 'Charleston, West Virginia 25301', false),
('Huntington Haulers', '(304) 555-4002', 'Huntington', 'West Virginia', 'Huntington, West Virginia 25701', false),
('Morgantown Cleanouts', '(304) 555-4003', 'Morgantown', 'West Virginia', 'Morgantown, West Virginia 26505', false);

-- RHODE ISLAND
INSERT INTO companies (name, phone, city, state, address, claimed) VALUES
('Providence Junk Removal', '(401) 555-4101', 'Providence', 'Rhode Island', 'Providence, Rhode Island 02903', false),
('Warwick Haulers', '(401) 555-4102', 'Warwick', 'Rhode Island', 'Warwick, Rhode Island 02886', false),
('Cranston Cleanouts', '(401) 555-4103', 'Cranston', 'Rhode Island', 'Cranston, Rhode Island 02910', false);

-- MAINE
INSERT INTO companies (name, phone, city, state, address, claimed) VALUES
('Portland Junk Pros', '(207) 555-4201', 'Portland', 'Maine', 'Portland, Maine 04101', false),
('Bangor Haulers', '(207) 555-4202', 'Bangor', 'Maine', 'Bangor, Maine 04401', false),
('Lewiston Removal', '(207) 555-4203', 'Lewiston', 'Maine', 'Lewiston, Maine 04240', false);

-- DELAWARE
INSERT INTO companies (name, phone, city, state, address, claimed) VALUES
('Wilmington Junk Masters', '(302) 555-4301', 'Wilmington', 'Delaware', 'Wilmington, Delaware 19801', false),
('Dover Haulers', '(302) 555-4302', 'Dover', 'Delaware', 'Dover, Delaware 19901', false),
('Newark Cleanouts', '(302) 555-4303', 'Newark', 'Delaware', 'Newark, Delaware 19711', false);

-- NEW HAMPSHIRE
INSERT INTO companies (name, phone, city, state, address, claimed) VALUES
('Manchester Junk Removal', '(603) 555-4401', 'Manchester', 'New Hampshire', 'Manchester, New Hampshire 03101', false),
('Nashua Haulers', '(603) 555-4402', 'Nashua', 'New Hampshire', 'Nashua, New Hampshire 03060', false),
('Concord Cleanouts', '(603) 555-4403', 'Concord', 'New Hampshire', 'Concord, New Hampshire 03301', false);

-- VERMONT
INSERT INTO companies (name, phone, city, state, address, claimed) VALUES
('Burlington Junk Pros', '(802) 555-4501', 'Burlington', 'Vermont', 'Burlington, Vermont 05401', false),
('Montpelier Haulers', '(802) 555-4502', 'Montpelier', 'Vermont', 'Montpelier, Vermont 05602', false),
('Rutland Removal', '(802) 555-4503', 'Rutland', 'Vermont', 'Rutland, Vermont 05701', false);

-- NORTH DAKOTA
INSERT INTO companies (name, phone, city, state, address, claimed) VALUES
('Fargo Junk Masters', '(701) 555-4601', 'Fargo', 'North Dakota', 'Fargo, North Dakota 58102', false),
('Bismarck Haulers', '(701) 555-4602', 'Bismarck', 'North Dakota', 'Bismarck, North Dakota 58501', false),
('Grand Forks Cleanouts', '(701) 555-4603', 'Grand Forks', 'North Dakota', 'Grand Forks, North Dakota 58201', false);

-- SOUTH DAKOTA
INSERT INTO companies (name, phone, city, state, address, claimed) VALUES
('Sioux Falls Junk Removal', '(605) 555-4701', 'Sioux Falls', 'South Dakota', 'Sioux Falls, South Dakota 57104', false),
('Rapid City Haulers', '(605) 555-4702', 'Rapid City', 'South Dakota', 'Rapid City, South Dakota 57701', false),
('Aberdeen Cleanouts', '(605) 555-4703', 'Aberdeen', 'South Dakota', 'Aberdeen, South Dakota 57401', false);

-- End of bulk import
-- Total: 135 companies across 45 states covering 675 cities
